year,prov_name,prov_code,index_aggregate,coverage_breadth,usage_depth,payment,insurance,monetary_fund,investment,credit,credit_investigation,digitization_level,province_norm
2011,北京市,11,79.41,97.53,72.23,79.4,59.48,,,76.75,,32.59,北京
2011,天津市,12,60.58,69.37,53.33,55.52,75.74,,,43.73,,44.72,天津
2011,河北省,13,32.42,18.46,44.19,24.36,24.83,,,54.49,,57.15,河北
2011,山西省,14,33.41,28.94,21.61,19.48,20.25,,,22.42,,69.57,山西
2011,内蒙古自治区,15,28.89,24.65,30.27,27.51,49.83,,,22.42,,40.35,内蒙古
2011,辽宁省,21,43.29,44.96,44.64,49.24,48.98,,,42.31,,35.33,辽宁
2011,吉林省,22,24.51,23.75,24.04,23.89,23.85,,,24.13,,27.86,吉林
2011,黑龙江省,23,33.58,21.12,36.28,33.74,39.37,,,35.28,,69.83,黑龙江
2011,上海市,31,80.19,98.85,86.24,100.0,72.82,,,90.3,,7.58,上海
2011,江苏省,32,62.08,66.7,79.22,80.77,78.49,,,79.35,,15.71,江苏
2011,浙江省,33,77.39,85.53,93.52,96.52,100.0,,,90.48,,21.22,浙江
2011,安徽省,34,33.07,20.2,55.58,49.04,40.63,,,62.54,,34.66,安徽
2011,福建省,35,61.76,63.28,68.51,77.26,46.12,,,76.87,,44.5,福建
2011,江西省,36,29.74,13.97,54.82,56.7,46.6,,,58.04,,36.21,江西
2011,山东省,37,38.55,33.67,47.16,44.24,9.07,,,63.38,,39.01,山东
2011,河南省,41,28.4,13.54,38.11,38.37,0.25,,,53.88,,59.81,河南
2011,湖北省,42,39.82,35.17,53.56,69.15,44.82,,,55.47,,30.18,湖北
2011,湖南省,43,32.68,15.33,60.73,53.36,51.76,,,65.29,,39.02,湖南
2011,广东省,44,69.48,63.41,80.97,59.96,50.69,,,95.96,,68.66,广东
2011,广西壮族自治区,45,33.89,19.98,44.06,52.17,42.03,,,44.0,,61.33,广西
2011,海南省,46,45.56,30.96,57.74,60.56,61.02,,,56.06,,71.63,海南
2011,重庆市,50,41.89,40.38,47.46,59.24,57.04,,,42.14,,36.77,重庆
2011,四川省,51,40.16,29.02,58.56,45.49,73.61,,,53.74,,43.5,四川
2011,贵州省,52,18.47,3.06,27.51,49.21,47.38,,,16.79,,52.92,贵州
2011,云南省,53,24.91,7.47,48.39,55.11,82.08,,,33.58,,39.81,云南
2011,西藏自治区,54,16.22,3.37,30.16,0.0,66.3,,,18.46,,33.33,西藏
2011,陕西省,61,40.96,37.81,29.74,34.44,26.16,,,30.71,,71.74,陕西
2011,甘肃省,62,18.84,4.99,12.76,10.82,6.48,,,15.59,,75.61,甘肃
2011,青海省,63,18.33,1.96,6.76,0.0,21.99,,,1.16,,93.42,青海
2011,宁夏回族自治区,64,31.31,32.27,23.16,15.68,41.09,,,16.51,,42.96,宁夏
2011,新疆维吾尔自治区,65,20.34,12.92,23.6,21.47,51.84,,,12.05,,38.92,新疆
2012,北京市,11,150.65,155.56,159.42,110.02,216.68,,,141.07,,118.47,北京
2012,天津市,12,122.96,110.61,135.77,74.34,212.58,,,110.61,,140.44,天津
2012,河北省,13,89.32,65.46,108.15,43.52,132.99,,,105.02,,133.9,河北
2012,山西省,14,92.98,75.2,86.48,37.43,143.54,,,68.17,,163.5,山西
2012,内蒙古自治区,15,91.68,75.03,95.44,45.63,158.4,,,74.75,,139.78,内蒙古
2012,辽宁省,21,103.53,89.01,120.36,69.54,187.08,,,98.21,,120.91,辽宁
2012,吉林省,22,87.23,69.43,93.83,44.98,127.45,,,85.27,,133.99,吉林
2012,黑龙江省,23,87.91,66.48,100.46,56.37,153.19,,,83.4,,135.89,黑龙江
2012,上海市,31,150.77,149.35,174.72,136.14,227.7,,,156.94,,111.94,上海
2012,江苏省,32,122.03,106.69,156.55,98.32,228.07,,,133.23,,109.94,江苏
2012,浙江省,33,146.35,128.5,200.42,130.89,324.29,,,156.52,,107.07,浙江
2012,安徽省,34,96.63,66.06,138.06,67.84,215.71,,,113.52,,122.31,安徽
2012,福建省,35,123.21,112.74,140.25,100.51,169.52,,,132.49,,126.79,福建
2012,江西省,36,91.93,59.82,132.68,75.05,207.3,,,108.0,,123.92,江西
2012,山东省,37,100.35,80.15,127.53,61.65,176.43,,,114.51,,117.68,山东
2012,河南省,41,83.68,61.93,98.07,61.8,104.06,,,99.63,,129.37,河南
2012,湖北省,42,101.42,82.06,125.84,90.83,173.75,,,109.77,,121.0,湖北
2012,湖南省,43,93.71,63.39,132.38,75.16,204.99,,,108.49,,123.56,湖南
2012,广东省,44,127.06,111.37,149.38,81.73,153.26,,,155.34,,138.31,广东
2012,广西壮族自治区,45,89.35,66.47,104.58,69.07,142.54,,,92.72,,137.25,广西
2012,海南省,46,102.94,79.51,120.72,87.09,169.69,,,104.05,,147.98,海南
2012,重庆市,50,100.02,85.39,116.14,89.6,180.84,,,92.12,,119.05,重庆
2012,四川省,51,100.13,74.36,126.5,78.66,179.64,,,109.68,,137.31,四川
2012,贵州省,52,75.87,49.87,89.92,79.69,155.99,,,63.49,,136.21,贵州
2012,云南省,53,84.43,52.78,111.96,75.43,177.58,,,88.67,,138.91,云南
2012,西藏自治区,54,68.53,32.86,71.07,16.85,164.95,,,37.98,,181.65,西藏
2012,陕西省,61,98.24,83.62,98.61,58.38,141.46,,,85.23,,145.88,陕西
2012,甘肃省,62,76.29,54.72,68.98,36.32,117.06,,,52.57,,160.79,甘肃
2012,青海省,63,61.47,47.12,51.85,16.33,136.35,,,20.57,,126.3,青海
2012,宁夏回族自治区,64,87.13,76.78,90.34,40.51,158.36,,,67.53,,115.46,宁夏
2012,新疆维吾尔自治区,65,82.45,60.88,85.14,46.28,159.44,,,58.5,,148.76,新疆
2013,北京市,11,215.62,193.86,247.5,136.53,617.63,94.21,,131.17,,229.57,北京
2013,天津市,12,175.26,146.54,197.52,110.17,511.81,53.85,,100.24,,229.67,天津
2013,河北省,13,144.98,105.66,162.85,64.92,422.49,24.22,,88.71,,242.35,河北
2013,山西省,14,144.22,115.4,139.08,61.87,422.74,14.73,,50.21,,248.75,山西
2013,内蒙古自治区,15,146.59,116.37,138.84,73.66,369.88,4.22,,72.3,,260.45,内蒙古
2013,辽宁省,21,160.07,126.67,181.54,93.89,485.17,27.93,,90.42,,231.33,辽宁
2013,吉林省,22,138.36,106.85,147.95,72.92,396.34,8.92,,76.01,,224.97,吉林
2013,黑龙江省,23,141.4,104.49,152.58,80.25,418.82,13.87,,72.84,,242.97,黑龙江
2013,上海市,31,222.14,187.31,280.93,169.95,680.74,100.0,,156.87,,230.3,上海
2013,江苏省,32,180.98,144.68,223.09,128.77,543.88,70.02,,125.46,,224.3,江苏
2013,浙江省,33,205.77,167.96,265.48,166.23,649.99,95.21,,144.69,,222.12,浙江
2013,安徽省,34,150.83,106.51,190.86,95.33,493.54,37.52,,100.96,,224.45,安徽
2013,福建省,35,183.1,157.43,194.12,130.14,436.21,60.94,,122.6,,247.85,福建
2013,江西省,36,146.13,99.81,183.73,102.46,478.45,43.19,,93.4,,230.78,江西
2013,山东省,37,159.3,122.01,189.07,89.87,483.75,45.87,,101.22,,228.32,山东
2013,河南省,41,142.08,105.06,155.23,87.45,395.02,31.51,,83.51,,240.42,河南
2013,湖北省,42,164.76,123.74,197.04,111.2,511.31,53.97,,99.5,,241.51,湖北
2013,湖南省,43,147.71,103.46,175.0,100.22,454.11,34.87,,90.4,,244.25,湖南
2013,广东省,44,184.78,153.33,208.44,106.47,466.62,59.28,,137.12,,245.61,广东
2013,广西壮族自治区,45,141.46,106.97,153.84,99.06,417.0,20.3,,72.55,,232.82,广西
2013,海南省,46,158.26,121.75,173.37,110.76,468.48,32.71,,80.81,,251.39,海南
2013,重庆市,50,159.86,125.27,178.2,113.4,471.66,35.23,,86.97,,240.74,重庆
2013,四川省,51,153.04,114.03,176.71,102.38,445.78,35.62,,96.41,,238.82,四川
2013,贵州省,52,121.22,89.59,125.46,100.53,384.99,0.0,,41.0,,217.93,贵州
2013,云南省,53,137.9,95.59,153.55,97.13,413.08,26.56,,72.86,,249.15,云南
2013,西藏自治区,54,115.1,74.09,112.84,63.75,363.27,21.4,,29.17,,254.65,西藏
2013,陕西省,61,148.37,123.6,145.94,78.61,399.93,23.61,,68.0,,234.55,陕西
2013,甘肃省,62,128.39,96.77,114.2,69.51,357.1,3.33,,36.43,,258.6,甘肃
2013,青海省,63,118.01,88.18,113.42,63.67,389.3,3.26,,22.35,,224.82,青海
2013,宁夏回族自治区,64,136.74,115.08,129.02,44.5,399.35,3.37,,46.74,,222.32,宁夏
2013,新疆维吾尔自治区,65,143.4,101.44,146.39,76.03,422.5,24.01,,59.57,,276.48,新疆
2014,北京市,11,235.36,243.92,219.89,196.25,663.95,209.83,94.93,120.76,,235.22,北京
2014,天津市,12,200.16,193.86,180.28,165.52,576.75,166.06,59.55,97.95,,257.11,天津
2014,河北省,13,160.76,149.97,131.34,114.97,423.99,126.08,27.5,79.94,,249.86,河北
2014,山西省,14,167.66,163.16,124.78,117.06,462.67,122.03,20.44,53.43,,260.43,山西
2014,内蒙古自治区,15,172.56,165.46,114.88,117.47,428.7,111.48,9.2,53.41,,300.84,内蒙古
2014,辽宁省,21,187.61,175.49,162.89,143.45,550.31,139.88,40.66,87.32,,272.53,辽宁
2014,吉林省,22,165.62,154.91,136.01,118.63,462.03,119.15,30.66,73.74,,254.75,吉林
2014,黑龙江省,23,167.8,152.48,142.48,127.57,484.01,129.53,32.27,75.98,,264.41,黑龙江
2014,上海市,31,239.53,237.02,242.78,225.1,725.26,220.53,96.62,142.88,,241.88,上海
2014,江苏省,32,204.16,193.18,201.09,184.42,611.07,182.13,72.09,119.53,,246.02,江苏
2014,浙江省,33,224.45,217.48,233.67,224.06,687.54,206.83,96.58,139.65,,230.71,浙江
2014,安徽省,34,180.59,156.56,173.84,151.5,547.03,151.28,59.96,98.99,,272.22,安徽
2014,福建省,35,202.59,204.22,164.85,181.25,457.02,161.83,37.59,124.93,,265.76,福建
2014,江西省,36,175.69,148.73,167.19,154.14,535.69,148.08,44.25,98.59,,280.18,江西
2014,山东省,37,181.88,169.89,161.19,142.07,511.64,151.85,49.31,91.92,,259.08,山东
2014,河南省,41,166.65,157.52,132.24,137.08,415.49,136.22,23.47,84.05,,259.31,河南
2014,湖北省,42,190.14,176.61,175.7,165.88,548.79,162.44,59.01,99.75,,261.07,湖北
2014,湖南省,43,167.27,150.42,153.46,148.44,479.47,139.81,40.84,94.02,,247.99,湖南
2014,广东省,44,201.53,199.63,175.04,156.69,485.07,159.13,56.45,128.04,,255.98,广东
2014,广西壮族自治区,45,166.12,154.29,139.98,139.02,449.06,115.7,36.92,82.67,,252.66,广西
2014,海南省,46,179.62,170.99,153.8,157.71,529.76,136.61,42.99,71.93,,255.03,海南
2014,重庆市,50,184.71,175.57,157.88,158.33,514.01,141.85,34.8,92.5,,263.63,重庆
2014,四川省,51,173.82,162.58,159.82,149.32,499.44,140.04,46.33,96.92,,236.39,四川
2014,贵州省,52,154.62,139.9,114.08,126.53,421.51,95.77,10.18,55.52,,276.9,贵州
2014,云南省,53,164.05,147.22,144.3,134.42,475.79,123.72,35.1,82.03,,255.54,云南
2014,西藏自治区,54,143.91,126.67,108.76,113.51,450.07,126.67,19.73,21.11,,264.7,西藏
2014,陕西省,61,178.73,173.25,139.0,122.05,472.64,131.49,32.45,72.71,,269.0,陕西
2014,甘肃省,62,159.76,148.1,107.29,111.91,426.42,110.28,11.49,35.84,,293.6,甘肃
2014,青海省,63,145.93,139.24,108.4,109.16,443.05,111.57,22.21,24.58,,236.23,青海
2014,宁夏回族自治区,64,165.26,167.18,114.28,111.45,446.04,111.85,14.42,41.97,,251.55,宁夏
2014,新疆维吾尔自治区,65,163.67,151.28,134.87,133.48,487.16,134.97,39.1,50.72,,256.91,新疆
2015,北京市,11,276.38,268.39,234.17,243.23,469.42,239.07,230.65,173.81,92.32,379.48,北京
2015,天津市,12,237.53,211.89,195.46,206.76,427.33,193.62,183.24,143.47,52.11,398.62,天津
2015,河北省,13,199.53,172.78,151.45,161.59,306.8,162.76,144.95,127.69,0.0,375.2,河北
2015,山西省,14,206.3,186.14,141.52,159.41,337.67,156.65,124.49,97.75,21.99,390.57,山西
2015,内蒙古自治区,15,214.55,185.34,136.04,154.71,332.6,136.78,111.59,100.99,10.04,453.66,内蒙古
2015,辽宁省,21,226.4,194.17,178.41,181.6,398.6,168.45,166.5,132.75,37.34,420.06,辽宁
2015,吉林省,22,208.2,175.49,154.68,166.01,343.1,152.29,149.57,113.84,20.53,413.47,吉林
2015,黑龙江省,23,209.93,174.68,164.06,170.1,363.16,163.96,168.8,111.5,33.75,409.72,黑龙江
2015,上海市,31,278.11,258.98,259.81,268.49,521.32,252.66,246.52,201.7,99.92,374.54,上海
2015,江苏省,32,244.01,215.94,218.62,227.43,441.96,216.8,196.83,173.28,88.44,382.84,江苏
2015,浙江省,33,264.85,239.33,251.29,270.92,518.33,243.83,233.82,196.9,74.43,373.77,浙江
2015,安徽省,34,211.28,171.65,189.78,196.92,396.7,188.13,175.28,149.57,48.54,381.23,安徽
2015,福建省,35,245.21,226.6,198.23,230.19,396.13,198.59,140.07,185.79,62.59,392.01,福建
2015,江西省,36,208.35,170.86,182.48,194.78,397.91,182.27,144.49,151.45,48.25,379.14,江西
2015,山东省,37,220.66,192.11,178.15,186.17,372.83,187.49,165.04,141.22,33.02,392.16,山东
2015,河南省,41,205.34,181.5,151.05,174.98,307.69,171.16,127.15,130.9,15.71,382.73,河南
2015,湖北省,42,226.75,199.53,189.08,210.98,396.45,196.58,168.41,146.92,57.81,385.07,湖北
2015,湖南省,43,206.38,170.07,174.47,186.49,371.97,171.84,150.14,143.89,34.65,384.24,湖南
2015,广东省,44,240.95,225.52,195.87,207.36,365.29,194.22,155.49,187.62,55.21,373.79,广东
2015,广西壮族自治区,45,207.23,176.33,153.46,177.23,341.68,145.27,108.67,133.25,38.33,406.94,广西
2015,海南省,46,230.33,192.26,184.91,195.59,438.8,164.35,163.58,128.84,57.04,438.59,海南
2015,重庆市,50,221.84,197.46,171.58,191.7,395.35,168.62,137.05,132.4,44.92,393.65,重庆
2015,四川省,51,215.48,182.08,176.54,190.6,378.83,168.17,152.43,141.43,48.59,396.51,四川
2015,贵州省,52,193.29,160.98,132.74,155.83,345.19,119.99,99.82,95.4,17.94,410.01,贵州
2015,云南省,53,203.76,167.96,158.79,168.47,383.48,144.2,126.27,122.14,27.86,403.67,云南
2015,西藏自治区,54,186.38,139.87,157.75,168.77,447.65,160.9,131.77,87.66,22.33,391.97,西藏
2015,陕西省,61,216.12,194.92,157.95,162.76,355.33,161.98,142.39,116.87,35.15,391.85,陕西
2015,甘肃省,62,199.78,169.67,125.25,142.62,319.06,130.5,107.17,84.74,6.12,434.64,甘肃
2015,青海省,63,195.15,159.59,136.5,143.26,357.89,135.74,125.92,85.05,4.95,419.14,青海
2015,宁夏回族自治区,64,214.7,190.35,134.87,149.39,364.97,135.96,104.12,90.12,9.68,440.18,宁夏
2015,新疆维吾尔自治区,65,205.49,172.01,148.6,165.46,397.95,155.11,125.97,92.83,10.14,419.4,新疆
2016,北京市,11,286.3704823827899,285.6487728809624,263.738414460304,286.8749085304058,566.472701253268,262.6299037046836,210.9427469895745,172.7916589144193,251.6149721634392,329.8971269756573,北京
2016,天津市,12,245.8382049483305,225.4118605764892,231.6146740605538,247.1349923476442,541.825124410309,226.7228733619985,159.763279854757,155.9526499583409,202.5998539576098,339.1470888118286,天津
2016,河北省,13,214.3588258878981,191.5496220722045,196.874156165934,214.6401297190599,434.7934558043609,213.2603448594537,125.4808425755286,145.4505787617168,174.721582857864,321.4599492502762,河北
2016,山西省,14,224.8107298828103,205.5053670941278,189.3774421800308,206.3728693515279,451.0679020139875,201.1573509548415,101.348322163636,134.3911485146272,187.7255111537683,352.9583497452337,山西
2016,内蒙古自治区,15,229.9258763150416,201.9971805934562,184.8900577417493,195.2192855205265,466.5505131753903,176.2270552681801,99.43995801784028,125.8796803650453,176.2991014385121,403.9972227880116,内蒙古
2016,辽宁省,21,231.4106502533505,207.7374130204173,220.0624243498933,219.0170042362579,523.9741077530209,205.0644795156707,142.0302132141241,152.8953333572343,197.6071418342858,330.2149509145686,辽宁
2016,吉林省,22,217.0742130048187,191.9394121314837,204.1377889051231,209.4621368766703,482.136618370462,195.4048046070965,124.4617983082709,144.9343172426634,189.8952279935211,323.5897015743695,吉林
2016,黑龙江省,23,221.8857269165423,191.2412668875394,206.5422229129865,214.3537164528229,496.9693337359147,204.828678465465,122.7747346477597,142.575278639999,195.3509189027415,350.9683537823807,黑龙江
2016,上海市,31,282.2235392773836,274.245433537717,281.475088535067,309.0871418800155,615.2456636772945,278.9759751727771,222.3458318493813,190.7946484943601,233.8649002093135,309.9444290461552,上海
2016,江苏省,32,253.7529734775944,233.2190117566257,253.0770280318413,279.6915167936305,560.7102170809715,255.3418181376942,172.0693591779303,174.2188111860199,253.8078570131781,322.7995857255294,江苏
2016,浙江省,33,268.1048518167274,254.4423986797687,270.6242758312033,316.5312863206248,608.2060205824476,279.3922608190338,192.4673102630616,189.7678663079057,212.017978693733,308.6562484047442,浙江
2016,安徽省,34,228.7783349079038,194.8949221713286,229.9542270006251,248.7717713905908,524.7665541930414,234.41794859354,148.0901433047459,161.8004453919746,214.3740488615871,338.5379923199579,安徽
2016,福建省,35,252.670866105184,240.4655858214801,245.1245084825441,287.1639811187958,566.6841628665293,249.5958950452606,137.3574145428374,180.4624143288409,228.4287057810765,306.7008768882562,福建
2016,江西省,36,223.755471260304,188.7882141153279,222.7357994967442,242.0091315559411,533.2715700972808,226.6776090616066,129.0420238132025,157.1038240671373,202.2094955542808,341.0833436726149,江西
2016,山东省,37,232.5660105934724,209.7964984945183,217.8107276371317,235.5421289345445,488.0449571295668,228.8253513725022,145.299950394141,154.3270497923335,196.4713351089234,334.5774590730797,山东
2016,河南省,41,223.1225848913924,200.6455371534931,199.2163618221994,226.0184434006053,446.6569596425329,219.7582667464498,113.2576318155009,146.6786587240597,195.9533391778273,340.7964495243891,河南
2016,湖北省,42,239.8553930826098,215.5503824552355,233.412402464275,264.8676441675818,530.7036181284021,241.5668993893792,158.886485880237,159.4134178585253,210.1335148301263,331.8327265337719,湖北
2016,湖南省,43,217.6911117493732,186.1327338016343,219.8019967955476,233.8761146300507,517.189575697987,216.1550031740714,130.9015808564262,158.5637710351091,198.5411757687495,318.0738360926908,湖南
2016,广东省,44,247.9961739439923,240.0730614725719,236.4991806600345,266.7884240462234,516.8755244243519,238.1784109235195,143.8940537599482,181.3824959651523,217.8774270391132,295.0651851301793,广东
2016,广西壮族自治区,45,223.3246591958281,193.5143056818075,202.2066640149377,227.4173359125064,476.796877277017,200.4576993411926,101.2036887832099,149.0112710867028,210.6940527664432,360.1463331354304,广西
2016,海南省,46,231.5591936314589,210.090896904152,220.3475497623637,232.9928214786308,562.5150571939517,203.5048869000389,140.0843061764211,134.7200170779759,208.2967240908833,322.8346369818743,海南
2016,重庆市,50,233.8881269932102,214.0279303401844,211.5355611109459,236.0659406515455,508.1909274905085,209.8418225227298,120.0244310028509,147.5285553981023,202.7637329901478,340.0986126229151,重庆
2016,四川省,51,225.4146284967609,196.9988341630499,216.5443369960395,237.7928281777534,492.8496085225122,213.7912398643665,135.3706573738853,154.3556090699639,209.4807480864094,335.3756044529043,四川
2016,贵州省,52,209.4548956657985,180.7038106986549,182.6958836961918,190.3583908677427,479.2200142548164,168.1309206697596,74.26129005607316,131.0282655816665,184.7085800061664,353.0286547073562,贵州
2016,云南省,53,217.3378524034132,185.3742710883308,203.1669814302486,206.6828741432994,501.833052216853,186.3912906958222,116.0252531993621,141.4076657874976,190.3321430556407,348.6450567611823,云南
2016,西藏自治区,54,204.7331628271734,167.2057408253011,202.5342955980385,210.1203461841153,537.6944166241262,197.9499355721968,141.0939300399425,113.147868838057,163.3919933255434,332.6562758514208,西藏
2016,陕西省,61,229.3667337313894,211.1738321126446,202.8734196258535,213.1173250570675,471.1536549899193,203.4097191443725,128.3173055713106,140.5496797781555,195.1684402373896,337.5959582241575,陕西
2016,甘肃省,62,204.1109842711307,189.284591032183,172.6563263198299,182.0952527020354,434.0247323029549,172.0734181288979,99.69718101968971,111.112065252281,170.027613881586,310.23805801198,甘肃
2016,青海省,63,200.3815755453878,177.7313807586599,182.2647601020558,181.7224716037545,457.6692495229756,173.6991312145169,112.7258756087033,118.7105017981217,165.8365569582404,308.1055073693601,青海
2016,宁夏回族自治区,64,212.3555956543532,205.9172644047983,179.6191787301427,191.9816928555119,461.6769555920252,174.415566673902,91.80135516493237,118.9461806009762,179.541440084006,293.1150978654803,宁夏
2016,新疆维吾尔自治区,65,208.7221503585339,190.3237669670842,190.1105694267353,197.2193297071701,490.8164107161476,189.5200286462364,130.2368352587628,112.2894476528675,155.4065545911566,303.3062524076752,新疆
2017,北京市,11,329.943803306312,316.1183876719256,357.237304093206,303.1187696735138,717.7938961255961,274.6043261085098,388.9320879533557,210.4141751171453,340.3490374655631,326.0186654702344,北京
2017,天津市,12,284.033712372482,257.9037344956124,310.1328953007733,257.2040224169095,666.4664872550647,245.0363176264055,312.834540035613,188.3740643608835,265.1390614296224,322.9054804356075,天津
2017,河北省,13,258.1665791018198,232.891916582918,273.4506268081627,226.5473419195961,572.5353818591983,222.527714830846,263.3406030153756,170.2279700186868,269.0738611456208,313.8653399679315,河北
2017,山西省,14,259.9548522256562,243.0226178432189,254.9793776865337,216.3945298706713,553.603584038636,220.1468579735409,234.6403730455178,159.2537345809949,234.5041820897522,324.9219276311575,山西
2017,内蒙古自治区,15,258.5040157651248,238.9202078400409,249.1980386907652,196.3965469482185,563.671612802691,190.6045822553269,240.1844019634239,141.0256434217648,243.8941478614067,340.0956605247258,内蒙古
2017,辽宁省,21,267.1759172806516,239.8722698482285,291.2652936668362,224.1774474419986,630.0437085180212,218.8071793199696,282.8817629584332,182.8314629353552,261.7537328822703,313.5742267809655,辽宁
2017,吉林省,22,254.7649074185769,227.4460817503298,273.623590159554,210.3342589888449,593.7498279221526,209.983291408499,262.2270421264734,170.9901189817526,251.908791144714,310.7175738067571,吉林
2017,黑龙江省,23,256.7799043241757,225.9962561315074,275.860616749245,214.6787922408468,593.5312966989455,217.3904451009519,261.0721399308494,173.2953226040146,262.0328209664941,323.7700147056493,黑龙江
2017,上海市,31,336.6505858794587,305.8881918456846,396.0492919073881,333.4274461529546,785.3891260172384,294.7449796409588,398.9944585699091,231.8090398618851,486.7672184147538,330.3112284468905,上海
2017,江苏省,32,297.6881832498806,272.3225444422882,328.9295969423588,298.2942448302883,688.8365870988263,276.2333329079408,318.3663969479448,205.1076342415708,301.740954182306,324.6927055156935,江苏
2017,浙江省,33,318.051975966357,290.0553892085194,366.3986858218836,343.8606192932542,768.7337296975786,303.1656221521076,344.6760955345421,224.2908434754896,372.4686550957986,322.6620588292814,浙江
2017,安徽省,34,271.5963212655823,234.7017433182511,309.547022429134,271.317636263544,662.7195551996459,260.3962453976225,282.5959677776364,188.939153237659,322.5706440860757,324.4757665711984,安徽
2017,福建省,35,299.282344890188,275.4014214593835,334.3294935086431,309.0342664193763,704.7963092999508,292.6828435920708,300.3138843764572,210.301943530975,340.2271856080359,314.4688377442382,福建
2017,江西省,36,267.1677806704849,228.5201680814852,305.9183651363688,261.955956009997,672.5514228078591,257.4969182835809,272.230937618933,182.3639566866599,327.5326129488764,324.3819303704482,江西
2017,山东省,37,272.0590280002899,247.1880256427931,290.9245823233776,248.977685416451,619.9808950460443,244.4342706063469,282.612761673569,180.2728607161926,257.8534027079167,319.9175958660634,山东
2017,河南省,41,266.9235218761297,241.4492324565334,279.5603803372304,247.4874028134543,584.2510605670793,242.8079063174453,258.8135031163081,170.344371601422,300.2120093596906,328.0923449107564,河南
2017,湖北省,42,285.2769470562437,253.6288269004802,317.5806132682881,290.345799529863,652.843961159584,269.8647240682882,311.2465078559469,192.9035386715042,317.5803268263302,331.0950731631669,湖北
2017,湖南省,43,261.117691792446,223.4726120987803,297.6987210462246,248.5168309297647,641.3379138318539,246.384170938136,280.0635384523217,181.9533202793304,290.2128824160042,318.9635502137822,湖南
2017,广东省,44,296.1679399373422,275.9133973821968,328.1661124902831,288.5704361833715,676.5839470705808,267.2000894298835,297.0524179590442,209.9081661300168,358.2613247769152,304.9204675732502,广东
2017,广西壮族自治区,45,261.9380256670158,232.7341201304083,279.5158469503976,244.5563880577045,601.9143329539103,230.9656149437125,247.0594280787237,174.6651823780184,293.3699565230464,326.4431599134508,广西
2017,海南省,46,275.6396368225138,253.3907840394437,297.5347116961424,247.6721898311346,656.8558366186597,237.2585459814671,292.4660779879791,171.4522032388188,279.1978747271696,309.335013227898,海南
2017,重庆市,50,276.3056599169835,249.5037030061329,301.2060013788266,246.618673571651,621.7432959940095,233.3767388513025,285.9536583752305,179.4525243300313,360.0777751853577,319.5743028294444,重庆
2017,四川省,51,267.796800927946,231.8674382222823,301.5354308218469,245.2424668761696,620.2492321242139,237.7183258625056,298.8988888919511,181.9442711410882,321.8587868873545,325.142889805193,四川
2017,贵州省,52,251.4571182825003,227.7714336177752,258.4416679782355,207.5986863398099,594.7325162538822,201.5691573916154,226.9945701806124,157.082021284032,246.5378499829604,316.9901925418907,贵州
2017,云南省,53,256.2732841998509,223.5358405475906,282.8547593083557,217.8203526358967,604.2781886249979,211.1852891514255,296.5693427758229,164.6742641343612,261.5487005152015,316.0846894979573,云南
2017,西藏自治区,54,245.5695553969275,209.2922047751966,273.7863561012365,219.8036250066421,596.1470183125954,226.3328982442533,297.5820273138414,146.690814675683,239.6750143002507,314.0973716213466,西藏
2017,陕西省,61,266.845754540902,246.4819991438079,276.0004398362503,226.8740959236082,586.2017737416014,221.871429595337,276.7605934286029,166.6837834626745,253.0972719160044,317.4673379582608,陕西
2017,甘肃省,62,243.7797495090275,227.3842932282944,240.3853637408451,196.9384038978478,526.799222208934,191.3335487602189,243.4336797869671,132.7726435379255,237.3819015094529,304.1003146715589,甘肃
2017,青海省,63,240.2032734914942,215.6745715740741,251.0932713660526,189.5057873761725,534.9050090137259,195.472188539669,278.4105807250603,135.8643759272597,232.6776403120319,301.4224700743184,青海
2017,宁夏回族自治区,64,255.5878968487477,242.4159083457706,252.2076233491594,189.8714418414217,552.1482702293808,185.6546059098807,239.4447871078787,138.2062915088601,310.5598148278413,305.2397057674706,宁夏
2017,新疆维吾尔自治区,65,248.6877443208806,228.8190906182066,249.0989713258596,196.6832693895998,539.0155825229742,203.0009475107733,279.7627118029782,131.9896144255965,209.8576234125303,313.5616467229397,新疆
2018,北京市,11,368.5369834296447,353.8670691093198,366.7816910169914,317.5369910332666,747.8987808920833,229.2419747401529,405.8764183406722,216.2637815637542,345.8050288567691,420.1889811721877,北京
2018,天津市,12,316.8846573713342,295.3475888655644,317.9383867312119,278.2325798751484,717.9094601418475,201.4914825868995,294.2730666031316,191.0160050227164,316.049898135397,386.1042811154467,天津
2018,河北省,13,282.7720567868686,264.0617296207487,267.9248044124288,238.9634627888414,608.7385017560091,178.1557752652128,229.2444910143657,166.1196460275754,280.1775095242738,371.5503423565141,河北
2018,山西省,14,283.6542400191222,277.0288404072016,249.7298969879842,243.5769090977126,560.0734863946759,183.7771664038571,192.9665790609663,163.0061252200357,273.1050899893075,367.1944513366805,山西
2018,内蒙古自治区,15,271.5666079300939,269.4915047103331,232.3132126788347,205.8749472362622,561.4387982354547,138.3585906992095,178.8773562534284,141.0293275013416,261.4136945644088,349.7648111384427,内蒙古
2018,辽宁省,21,290.950599675849,271.8131093081751,279.4755504967441,237.7453017358408,647.8665119666268,165.2804410191359,241.6405433325668,169.2611831622883,298.8415351649844,375.0120443431132,辽宁
2018,吉林省,22,276.0754942837907,256.5461876748603,255.2263700751692,216.8361804993865,584.7704557510918,154.2360471958837,214.5006679839484,159.5015695310037,278.4827855172548,378.4639768390471,吉林
2018,黑龙江省,23,274.7347330579632,256.1234681243785,254.8823172682493,220.1732324231357,571.2690788298444,167.3436793470779,213.1013087165824,160.6786829495041,285.7170637182102,372.2805989927062,黑龙江
2018,上海市,31,377.733749406315,346.3323919616711,400.3972150699506,356.1442570914072,849.6176505656595,261.1622376165892,419.9047022854327,243.0760866170317,344.9795249847723,440.2604968345681,上海
2018,江苏省,32,334.0213950577423,311.9509897182035,333.0854041034964,313.481679280702,732.699578940687,234.9213146413043,302.168935301861,208.8191001374161,319.5194154319655,408.6187730591615,江苏
2018,浙江省,33,357.4451772130045,330.1688791497316,372.0077660584553,379.5081202224355,838.0799906044707,256.9343480513958,337.9094234494605,229.6954487644174,328.8026042659641,421.0703838348973,浙江
2018,安徽省,34,303.8302993639327,273.4066805135884,309.6205262254165,286.3753910109585,726.1609632158954,220.8637636400352,254.7037601197243,191.8023702441343,299.9807188459446,393.7853936121377,安徽
2018,福建省,35,334.435835390687,312.3133635155393,334.2959929930527,324.7264431623132,748.4505795597086,233.9322917396285,282.4868715746057,215.6776183848976,325.3231329511394,407.7584336363353,福建
2018,江西省,36,296.2276946633527,266.463237722044,296.517879813234,273.5030638816855,688.6418420495786,209.0102441733463,240.4868309892932,186.8244980662294,296.5933534726143,394.0002286551371,江西
2018,山东省,37,301.1300790400797,281.9903806818272,287.8520168660474,263.1385164033998,653.1203452409306,200.6240874432573,245.0716106543475,179.4621090481155,293.132654119327,388.4757972819574,山东
2018,河南省,41,295.756397412612,278.4558297743558,275.7445626617197,269.6810062495111,627.4528555038734,205.0344084986897,217.0751387369755,178.3148359939099,281.9536722940446,389.2653394936214,河南
2018,湖北省,42,319.4768636953569,292.5579699857781,322.4433972012523,307.6497886028566,705.2440238761747,226.2119776510696,298.1387356108659,199.5255045343993,310.6849064049636,402.9914715362094,湖北
2018,湖南省,43,286.8088004631649,258.0686925896029,286.5515303575339,248.2422350213921,653.4061997615403,192.3831689505755,246.431653521603,178.8896531285703,290.1316796200988,382.1931881037568,湖南
2018,广东省,44,331.9175855205789,312.441720686146,329.9298385697269,305.5370344902004,733.0183654233797,215.6468247223622,282.1544368073691,214.136389070798,332.8986933601435,399.8589142054923,广东
2018,广西壮族自治区,45,289.2483019562251,270.4057567881751,272.4941802938077,258.8157507412589,629.050166331848,176.501146176297,206.8500563228893,177.7695768639443,297.4252884041794,381.9286486091589,广西
2018,海南省,46,309.7181098592779,294.4033467273997,300.2333882821558,265.8452302395453,683.3252080867887,183.7649604921762,268.651630604457,184.3133835857184,300.7399257227876,377.5413838418597,海南
2018,重庆市,50,301.5320313859045,285.1085841791235,285.595688421283,261.9504273025949,622.3138348954958,181.2558952226746,255.2008259032635,178.4059312229707,311.2106543769794,384.7392769760341,重庆
2018,四川省,51,294.3042748413172,266.1478688586512,295.8344012750191,256.251300450867,656.6386856882352,188.3567416948842,275.9199216974977,177.1811802920677,309.5271325194113,384.5137652910948,四川
2018,贵州省,52,276.9097063682835,267.3887821373516,241.3346612771126,220.8840505529868,575.7178269916628,144.5505930236272,163.7118372318263,161.9280651043462,276.3915214282432,373.0100638006112,贵州
2018,云南省,53,285.7906228348972,262.2853307757824,278.8361313606511,228.8867778628405,622.5817093671728,161.7447130749776,266.6460885359622,166.0435350885645,288.6125679423108,376.0595883375252,云南
2018,西藏自治区,54,274.3344030488766,249.8197411872041,267.1641962051355,234.3608684235045,582.0798848233804,190.5196502376803,262.2659699181672,152.564043813794,278.3380680790697,368.3275780306714,西藏
2018,陕西省,61,295.9475079271147,281.0518680471457,277.1488236678799,253.2290886913115,609.5272228928955,181.8499489423133,243.87383773805,173.954051099815,295.9870059399335,379.3109456234291,陕西
2018,甘肃省,62,266.8229732988198,261.2896346490459,227.515067232573,207.7702426520509,511.7172035080532,145.8089657867605,189.6621381515178,142.6341797124219,254.0955802218467,356.5389743021861,甘肃
2018,青海省,63,263.1238566844342,251.6894893030447,235.3128545260549,194.5974429802968,505.2931504230039,148.5195438943264,226.6283278769251,141.356722260729,258.5226106046409,351.4330319517867,青海
2018,宁夏回族自治区,64,272.9234266463695,274.2517100948987,225.2747826842867,207.533711449083,522.0867506088795,133.3887746567634,168.3211866812461,144.7577129812073,268.4288152880041,355.1392846416317,宁夏
2018,新疆维吾尔自治区,65,271.8397109073096,267.3511708433915,232.9369096739173,209.6956623597613,491.3259384230922,157.3705943141924,231.0778048399156,135.8624031452578,254.8152598832617,357.3699725354342,新疆
2019,北京市,11,399.0025774708307,384.6558579488112,402.0697618475152,330.5119213497761,803.1418564955623,,470.5462074730314,253.1748158463873,,440.8260524099533,北京
2019,天津市,12,344.1120785937147,323.8566019613459,349.0127805409994,292.5717451380577,775.6511983310095,,342.6756207325178,224.823766474608,,402.1110163988353,天津
2019,河北省,13,305.0597074481554,284.3870792739963,297.3310824302449,258.6047457149504,654.0487442954256,,278.8970440613611,200.6809976191728,,387.3831682941421,河北
2019,山西省,14,308.7259742040338,305.6102710372961,277.8908395914364,265.7124736597962,611.3603868538213,,238.9265603684714,192.5139513932747,,375.0651825022975,山西
2019,内蒙古自治区,15,293.889210418314,291.4490155546525,260.3133564795963,224.2343893879452,636.915103233038,,211.5024436547648,166.9824423514557,,362.977314861626,内蒙古
2019,辽宁省,21,311.0118716037849,292.4440815883656,302.5213764743303,249.4361516768912,700.1774079550514,,275.3873755874955,194.6285693924062,,387.7699962065216,辽宁
2019,吉林省,22,292.7735940113083,275.7476713097342,275.9290789978842,233.2874243525096,633.6222427061732,,241.9182408282096,182.7626859668937,,379.619959592773,吉林
2019,黑龙江省,23,292.8691970942456,275.7889899762238,274.6410591360847,237.0020891692304,619.6783825336441,,244.8718424101638,181.2309575204137,,382.4090765642134,黑龙江
2019,上海市,31,410.2814252765977,378.2508551857444,439.9118058072746,365.2219615294706,932.2641760817442,,480.1076166023264,282.2258915981391,,462.227826809998,上海
2019,江苏省,32,361.9268959293209,341.4987079701498,365.4956294908357,324.0367257724211,789.043923698099,,354.6080203263949,245.2856528274194,,422.9176109897798,江苏
2019,浙江省,33,387.4877673895826,362.4039383210194,404.6476367697023,363.0981170901212,899.8473144406927,,392.6725143361247,265.6234566372041,,439.1556481278089,浙江
2019,安徽省,34,330.2899769494866,301.1470249052289,341.5329080764249,304.1392996878157,773.5032840924736,,314.1845352241713,225.1146042114852,,406.109524280999,安徽
2019,福建省,35,360.5089661342004,340.6522614772765,363.7282548006415,335.1569324321443,788.3009657290547,,339.1312574822742,247.1656599030738,,420.2475631675967,福建
2019,江西省,36,319.1299771393303,294.3219910533497,319.1830157678614,288.4868063410233,711.1967814687844,,288.2520699700058,213.151331832036,,400.9686646959254,江西
2019,山东省,37,327.3614075497964,309.9714353957944,318.5383404484372,279.6931031215154,703.7407016518321,,294.6917048951433,214.5958823344792,,400.8357344040132,山东
2019,河南省,41,322.1206620643292,309.3433321451739,301.8521609964409,293.0036159311216,654.0012922091562,,260.8103236266307,214.6313464391297,,401.1619684002499,河南
2019,湖北省,42,344.4025142250852,320.7883993177883,348.5328583011539,318.5565412408843,733.5172647154191,,352.2482381955549,230.6396354298391,,414.8914971735571,湖北
2019,湖南省,43,310.8504202587501,282.2796063203456,311.8115558506765,272.3303499954072,690.3548010121519,,296.9209493901354,203.9937306630748,,403.4632374667211,湖南
2019,广东省,44,360.6078177591673,339.9836073826812,364.498146660533,321.6807771130001,788.9044970634627,,342.1881187632102,250.381433191303,,421.6613250953793,广东
2019,广西壮族自治区,45,309.9130207128347,295.2563517021634,292.4777594036966,275.080771644897,667.0293990848229,,240.8144264144475,198.2727946298536,,390.010680077766,广西
2019,海南省,46,328.7521355233544,319.4135796783589,314.4569158560055,282.2932871705717,701.1535367272465,,294.0179346589443,201.6413563226168,,385.5846778883596,海南
2019,重庆市,50,325.4710297328823,311.0313592845169,310.3643483941755,272.3829309012593,685.7748839290106,,293.3516119669321,203.7473718105971,,400.6217173554629,重庆
2019,四川省,51,317.1103835714752,291.21646643381,319.5330992480409,274.1541025476568,705.3287881061493,,320.6700036352021,201.3218503302878,,398.2285948257787,四川
2019,贵州省,52,293.5114212343498,292.6560199010343,245.6616856559012,239.9257306296018,597.0057394666921,,159.8782282353687,172.6561986985568,,383.3044435392015,贵州
2019,云南省,53,303.4609477624845,284.4297525928347,291.1206825546968,243.3883776477215,647.4030704559586,,281.5735548630463,185.3503121000207,,388.7444075047247,云南
2019,西藏自治区,54,293.7912107780944,271.1432446501204,293.21029276128,249.1656241703561,643.6806561300133,,311.7034045209554,170.0168094929676,,369.647998984538,西藏
2019,陕西省,61,322.8910973930364,308.211064738188,309.1443076305962,279.6902758946707,660.363743859242,,295.7533374295393,209.5760626495448,,396.3641607862006,陕西
2019,甘肃省,62,289.1404686384269,287.3113580999812,251.7419522762606,236.2436956550803,558.1875940373051,,216.9112853420246,171.5451286241441,,363.1568752058355,甘肃
2019,青海省,63,282.646000190663,272.8972998689222,252.7455579074556,222.0043961061432,535.4273080915541,,243.2982833834621,168.21725378079,,369.1871700660618,青海
2019,宁夏回族自治区,64,292.312030066333,299.043524856158,241.547679104785,227.6195079367167,545.3721311764307,,196.3896961177556,166.4910908882546,,362.3494971958425,宁夏
2019,新疆维吾尔自治区,65,294.3408185668762,293.4832231951848,256.3088075122595,232.349635725298,557.7739209996937,,251.9949517111573,160.1341844409244,,366.3007772590987,新疆
2020,北京市,11,417.875399830429,397.0018722097673,445.8329463494071,342.6892788932807,787.9381701327359,,646.9724395997335,265.3294179349105,,436.0217098237457,北京
2020,天津市,12,361.4551313533893,340.2898970613266,373.9068775732566,291.8723289785549,710.8537215802457,,472.1465123210332,242.4459504416329,,408.7376920571084,天津
2020,河北省,13,322.6968664345796,304.0953913197235,318.4153510588993,268.4950125101372,625.0155829401409,,357.4590440062047,222.8850278114825,,391.9185514263423,河北
2020,山西省,14,325.7269511290497,327.2871597229274,291.3652850519724,272.4444535915572,571.9533511809054,,287.4947389710904,220.1138490341997,,383.0356860967265,山西
2020,内蒙古自治区,15,309.3943824333934,310.399502550643,275.6571553877014,244.5187690763499,583.5677467667565,,263.632440621986,198.3523689789916,,367.4003059485323,内蒙古
2020,辽宁省,21,326.2935312853068,307.1123610263122,328.1183272822855,259.3064137412018,677.7784983739323,,364.9630753632738,218.372155728284,,386.3334456134556,辽宁
2020,吉林省,22,308.2564873808283,290.78061215931,297.632184308423,245.1235484350337,640.0142290168708,,294.0056175095766,209.7352844660623,,385.2864263940385,吉林
2020,黑龙江省,23,306.0752890499785,290.4785467195164,293.6948900397069,241.554940762945,615.4192039735084,,301.9125216918874,202.6541893143715,,380.0913346497911,黑龙江
2020,上海市,31,431.9275675526586,395.2040865724804,488.6833613854503,368.9702639557889,945.3667417892583,,658.1807267420244,296.0287089960414,,450.0800354929571,上海
2020,江苏省,32,381.6125734960462,362.1090248159086,395.0055266305583,327.199782878176,752.2915727104942,,482.1989498077182,262.8593774600513,,421.6991887585557,江苏
2020,浙江省,33,406.8779471527735,382.0722374937017,439.253445536304,365.5460264048609,881.9959766153193,,531.8828766507297,281.2480934999684,,429.979463299083,浙江
2020,安徽省,34,350.164685502378,323.7451216008863,366.1454714867614,309.3449142621488,737.6720071101589,,418.3966741671105,245.2202622416704,,408.3834366822608,安徽
2020,福建省,35,380.1262309929718,359.2118384139992,401.8033671979709,341.2252416591126,753.1327789590168,,494.2348433948407,266.9935951849687,,409.8176657892807,福建
2020,江西省,36,340.6109193880743,316.1350024546305,353.2321837027446,295.4621240478576,690.8988388722637,,419.5356172432183,232.8788372103516,,398.515979936141,江西
2020,山东省,37,347.8058398863928,331.6556860501906,343.4873496480373,287.6767569399588,673.672816954517,,394.0556731514172,234.7294050515808,,409.0020302617083,山东
2020,河南省,41,340.8131206635064,331.1645202422144,321.2096092459384,298.9355206828673,602.408708740383,,343.5304348262567,239.8833307862362,,408.3161689752243,河南
2020,湖北省,42,358.6358584525988,336.5408222833504,369.5796543080963,308.9595205899205,672.0976454535105,,478.2051099132703,241.3339514359581,,411.7286207131795,湖北
2020,湖南省,43,332.0348487480758,302.2808335279705,347.4436187284678,281.5393794331924,672.239700631396,,431.4013965735622,222.6233166782637,,402.3022344293342,湖南
2020,广东省,44,379.5347551530972,356.9413194629064,404.3531455810937,329.0296872872637,757.8042456762123,,505.9809469177026,267.8032717886221,,409.0621689264265,广东
2020,广西壮族自治区,45,325.1706763931218,311.9849761772603,313.2414873142874,279.4205130531759,618.8737166195001,,344.6118287689712,215.7100949471291,,390.406751470197,广西
2020,海南省,46,344.0490659178224,335.8657189712268,337.2433232195447,287.3096684332907,659.7088278867327,,405.1411245171632,215.2442827804467,,383.4584998193776,海南
2020,重庆市,50,344.7642653000158,329.3857347920911,343.9058270917157,274.1012959285378,689.0309898151834,,413.4234342283948,219.240550338852,,397.1249206688265,重庆
2020,四川省,51,334.8228849568659,310.7628185703032,344.8624769848504,277.9042411965485,660.948848205463,,431.1699944417087,220.4008272953102,,396.0457671198346,四川
2020,贵州省,52,307.9366935776525,313.2449267794678,258.1995861874399,246.7171120354727,571.7267415632173,,215.7823998874184,188.9861611570042,,380.8080377185271,贵州
2020,云南省,53,318.4776667943248,302.460517771634,309.4529479891233,255.6088095365326,605.0311725046508,,363.3263999047945,205.037597036398,,387.7848449683227,云南
2020,西藏自治区,54,310.5287496433696,290.1765335243961,319.3787001067275,262.9266314777159,598.3292198293732,,425.107587499013,190.7433782075994,,361.668655027392,西藏
2020,陕西省,61,342.0421727683304,329.532016455138,331.7302023047542,285.8888056156052,628.6966525410522,,389.7606580861686,227.2867503156763,,402.1099038829616,陕西
2020,甘肃省,62,305.4995935746279,308.8696095952508,265.3460399172824,250.2251123727717,515.0210254782592,,271.3384810697319,194.5222964433157,,367.3559143746081,甘肃
2020,青海省,63,298.2266665124684,292.0627902002851,264.6668088498431,239.0470502073481,507.8584876092701,,280.2991503109748,191.3057092071852,,379.5815000394268,青海
2020,宁夏回族自治区,64,310.0156694138568,320.4510420609491,262.7224889890285,250.0511337299388,518.8290970318677,,255.2759360396058,194.6273785814397,,361.5164133959498,宁夏
2020,新疆维吾尔自治区,65,308.3492833758535,310.2176290617244,273.8539147157776,239.2999456620383,498.3198556596004,,344.4387520232419,178.0038209258325,,364.882450396886,新疆
2021,北京市,11,445.4406172141791,432.9265915578428,474.2982998386501,350.1267770486436,803.7752027549552,,758.6816612141577,279.9708134989421,,434.349994025003,北京
2021,天津市,12,395.7348891947368,381.7454548290928,404.557134697419,288.2624016047885,704.788950346214,,588.2792216542667,265.3375085909021,,425.9205580385783,天津
2021,河北省,13,352.4399842691548,335.6891379142974,352.9513884063463,257.1028359795872,593.1989494066111,,492.9502840490148,244.6164712599809,,406.8432520993277,河北
2021,山西省,14,359.7012077326922,363.6307596968876,331.7269906276777,259.275213324632,558.7714360065806,,418.4886464371057,250.4860352309751,,397.5814854721546,山西
2021,内蒙古自治区,15,344.7592446448328,346.8892393239388,318.6034067161029,231.5448396449034,547.9072773709948,,421.8214417215144,229.0204903071989,,385.2764322287862,内蒙古
2021,辽宁省,21,357.2345190911801,340.1001874194484,363.8979682955275,252.4838691010024,659.9209535286274,,505.3504874612192,242.9506230535479,,401.7251027581185,辽宁
2021,吉林省,22,339.4132641464888,325.381568554284,334.2232452431508,236.0644891456624,616.0369131488844,,429.3537503982513,236.0543129571682,,395.1975341543603,吉林
2021,黑龙江省,23,341.1391015743418,327.5938610208349,335.1959553854047,240.5559097964567,600.2133834513415,,445.3472453641904,234.7207783332267,,396.6857625605149,黑龙江
2021,上海市,31,458.9703890885613,433.4233311008857,510.6944605928759,367.6670160569383,951.9387791439894,,753.5920927366609,303.7411230657362,,449.3635930458441,上海
2021,江苏省,32,412.9212849219292,398.6563054007075,428.9983871040421,319.3852953702067,760.096777209577,,605.1793272738107,279.3157050210118,,430.8346281375414,江苏
2021,浙江省,33,434.6093890357063,415.9307507568219,468.5648807197534,364.2623177233743,869.2052748528453,,648.221542028181,292.8269056146669,,434.6100210578861,浙江
2021,安徽省,34,384.6236566400171,364.4275566260906,399.8770421454136,300.2170020128514,712.5403165930899,,546.8206267584931,267.2625883539161,,423.6165486079447,安徽
2021,福建省,35,410.312544044324,394.0107584444561,436.0600720028761,329.8662323333398,744.1147931306305,,619.2909470457661,283.397975741402,,417.378531992026,福建
2021,江西省,36,372.173686443655,353.6248322795421,384.4746177200165,287.589805471387,667.2276815955614,,533.3596496376869,255.9600787456705,,411.0917159414706,江西
2021,山东省,37,380.6834394088193,367.5900342910098,381.0208183259979,279.9267350485441,677.9396496369186,,517.4804105210691,259.3490683760447,,423.327859472275,山东
2021,河南省,41,374.3744438889366,366.9719358165742,362.1991294636032,284.7835847757744,588.2704261434925,,482.1681810171902,266.7703778694328,,420.9647785916251,河南
2021,湖北省,42,391.9015022504354,374.3210925482661,408.7365758862507,305.147803478512,684.3154203109598,,599.8588567936348,266.6539616352111,,419.3836979885236,湖北
2021,湖南省,43,362.364784941951,338.7869002121391,377.362464630976,267.2891149305539,649.3885018134181,,542.7246368153641,244.9898936072024,,412.9875671378289,湖南
2021,广东省,44,406.5309358238781,386.3713297772667,438.1273505320076,325.1992381154079,761.5604274119162,,624.8303874691928,277.8643589611189,,415.7067956723913,广东
2021,广西壮族自治区,45,355.1140248743083,342.8104058316621,351.8390696853045,263.986806582522,597.1532357487081,,478.4463212562551,239.2119483589459,,401.7132030947075,广西
2021,海南省,46,375.3539027256966,368.4757980409948,377.1191112123087,281.0497653131386,642.9657558291656,,536.2530565008665,238.4110249897948,,394.8805903756466,海南
2021,重庆市,50,373.2232936568921,362.2348101173449,373.5704989680617,259.2142964684259,668.6886789579762,,528.0977519697823,242.4891095224544,,408.8989866351485,重庆
2021,四川省,51,363.6076766657632,342.9643633947155,375.6004596106946,264.749008990036,645.0620004111319,,548.9166920840772,241.4289100551904,,410.0010038449938,四川
2021,贵州省,52,340.7975070732278,345.7341649261933,302.401861256918,226.4745128014794,535.2977925363525,,372.1744379287283,217.6715056349733,,394.2885669963914,贵州
2021,云南省,53,346.9307969727468,335.3432376878975,342.0017707480856,237.1227094275388,577.1199082098799,,484.8515366729687,226.9143753666992,,394.1707663849523,云南
2021,西藏自治区,54,342.0998299351683,322.8663911630351,359.1541117535792,250.4839453727542,576.8987043355435,,553.0101807166305,217.4211540349033,,374.6389155142577,西藏
2021,陕西省,61,374.15713613754,364.1174664101264,371.2179422138263,271.8717660221699,619.508635412473,,526.0879470975509,253.1209777401818,,412.6718269988604,陕西
2021,甘肃省,62,341.1583231189977,344.3595266807361,308.6360602986736,230.3256218436829,480.4606103825324,,427.05830336233,224.0914624609584,,389.706978708307,甘肃
2021,青海省,63,329.8893883587991,325.5164928162637,300.3263223937584,217.1330350700027,469.6130786815145,,410.1255897201809,218.5851524744075,,398.069569037844,青海
2021,宁夏回族自治区,64,344.8620837546305,355.2769947306489,305.2897842721284,232.8927024882723,478.3500399880893,,416.5369253550523,222.1946943291067,,382.4024616973063,宁夏
2021,新疆维吾尔自治区,65,341.7678467569026,345.9239316875123,313.1914898377365,230.2120088409059,463.7930214869629,,468.9518915671096,209.6110395403373,,379.9932025259444,新疆
2022,北京市,11,452.8302315021897,455.9272361651347,445.5981248710845,296.7796125000004,724.0957573341032,,717.4038819515655,274.8780178205518,,455.7735676992056,北京
2022,天津市,12,407.3049083668797,407.2107120698963,377.9233974420172,263.7629994633136,640.0092771190803,,525.6572533326332,267.7440760011606,,461.0317214689844,天津
2022,河北省,13,360.6507337110097,357.9470661761745,321.4703507272617,241.0516065768745,510.3763585268238,,414.0776750603192,250.6148988448688,,440.7972217581475,河北
2022,山西省,14,366.0658054686331,388.7129841316714,294.1912604405489,239.3824317093444,478.1868592187845,,319.426185449859,252.5359326912221,,421.915037332741,山西
2022,内蒙古自治区,15,353.8960119021067,376.3087550262285,285.8216707799856,213.0180499009985,476.6077565030307,,333.061429099743,229.4856761263902,,403.6130292961637,内蒙古
2022,辽宁省,21,365.246442665731,364.9216650100672,333.1061378956532,233.5300576508168,588.9797604674517,,425.8467204064004,244.2021355261034,,424.7452227399061,辽宁
2022,吉林省,22,343.6674222751498,347.630401964964,300.7099983695012,217.5908981280659,550.193541052005,,339.6675787250957,235.6050342421378,,408.6631988436448,吉林
2022,黑龙江省,23,347.5939965068792,349.6786384011117,305.3462226652395,225.0770540050783,540.3321913106113,,357.1740286377948,238.9317596145692,,417.5027056454887,黑龙江
2022,上海市,31,460.6908552828697,455.9119354027049,465.8234057944864,327.0532321077903,798.1306636545012,,713.4252690331043,289.6922989580555,,467.1722998132752,上海
2022,江苏省,32,424.0648274777478,424.7674868562106,401.9695273003605,297.0012238434468,708.5487493213913,,533.8449295342726,281.8328995801268,,461.9212646441862,江苏
2022,浙江省,33,440.0446679210633,441.5185216733339,424.1170008200888,329.0121856263908,741.2754514829335,,565.2111829182192,293.683429290359,,464.1480472242196,浙江
2022,安徽省,34,393.3208246403174,389.0613302672166,368.6047604172387,281.3686575950211,635.9705894089964,,470.8044751982324,270.3339250402423,,452.3226689592547,安徽
2022,福建省,35,420.7524353823293,420.5676116001425,408.8688778958724,305.2423809870056,713.8534895180748,,544.3173629761973,279.3119653663059,,442.9827714283323,福建
2022,江西省,36,378.8288285344864,373.5675554221003,354.5100655531547,270.276968350507,608.5657023830043,,453.164043252821,258.4686678595891,,440.4156828203525,江西
2022,山东省,37,390.3757911893213,392.5246052946438,352.0038220049688,260.1059857485598,605.343165307421,,446.7811001588292,263.0630419402626,,453.0322723270281,山东
2022,河南省,41,382.3945349322519,392.90611699211,328.1729749809221,266.8589936969735,527.0020413459074,,390.2814800135245,265.1198916011084,,446.2380277310288,河南
2022,湖北省,42,398.8103179856837,395.1439692734663,381.0590564254553,286.34531700453,627.6732267938083,,529.8447579639441,268.0541199333192,,443.1977929869375,湖北
2022,湖南省,43,371.94909802507,362.1911075689483,353.399962700344,252.7973556425345,591.3007540323613,,470.8522866748436,253.8984545646276,,437.8992873962533,湖南
2022,广东省,44,416.3588510334678,413.3060904600526,405.5685300321451,302.1747075546351,681.4841772179485,,555.3174926433253,277.0564781412611,,446.072211981232,广东
2022,广西壮族自治区,45,362.0237316476128,363.7857810629898,323.46988015408,246.683300683258,554.9298654648624,,391.6616184183223,239.3001369963875,,426.2860770876099,广西
2022,海南省,46,382.2824214574306,392.5970847398038,344.9761149919274,256.2245569716638,584.9619821834303,,445.1739489520517,238.4824304661154,,416.0384374800044,海南
2022,重庆市,50,382.225786648983,386.298989254566,346.2874502857985,240.3972937219757,623.327106086862,,451.4766559611882,245.0338899299399,,434.1051757462727,重庆
2022,四川省,51,371.6112502453594,363.2262600648957,352.6391672194239,249.1715583243325,601.7079783442792,,478.8747136141104,246.0326126362649,,433.79635879489,四川
2022,贵州省,52,344.6822565194504,365.723167246292,271.3069607444301,213.3778512537111,497.9409215877242,,262.777328620282,220.213061342714,,408.5611502815617,贵州
2022,云南省,53,354.7062737065577,358.9578650829013,313.5599612203362,220.5532896901284,535.5110091002889,,394.9488409094693,227.8785355443927,,415.458658947389,云南
2022,西藏自治区,54,334.68637636536,328.5726890146984,311.6910124261609,210.3053789512832,472.5256788322896,,465.9199276312165,201.8598275008855,,396.6803610088479,西藏
2022,陕西省,61,381.292994695606,384.9329423536518,342.7745547211399,253.1742449530797,570.1157806105556,,446.6449392286942,252.712866644311,,439.2913835648158,陕西
2022,甘肃省,62,345.217811038412,361.0658466342795,281.4413289773494,212.2994500262521,427.562681235714,,346.3476835113328,226.444375627307,,408.8009575509405,甘肃
2022,青海省,63,329.753234742678,340.8223061433371,260.5677597186902,191.4741638396593,388.8222836203818,,314.5612116985948,212.2417153391991,,418.9444878142797,青海
2022,宁夏回族自治区,64,356.6262260216,384.5415822022728,278.2276106603013,215.9897374323638,425.9230956145194,,327.2584611128421,229.0760745156907,,406.9347178298158,宁夏
2022,新疆维吾尔自治区,65,342.6589624651427,364.4558760474334,268.6926977404743,200.9895495747432,378.6441620938958,,347.4960692103389,208.8468222871861,,405.1153082252841,新疆
2023,北京市,11,463.628924178741,466.274795952415,459.052449757312,298.716996288649,811.55764668091,,682.795820872418,289.843922672187,,463.23685017089,北京
2023,天津市,12,422.891928423627,423.542685817567,396.640959151304,272.598934784187,695.158573373125,,536.478651724754,278.854279171237,,468.471181618149,天津
2023,河北省,13,376.107639193747,375.302703201381,343.058949008132,248.614065592777,562.070665551167,,438.264024693976,261.659493423476,,438.843238415096,河北
2023,山西省,14,384.235101213768,403.582514497539,328.767010783442,244.723057641441,545.209687912534,,378.626988859982,265.989950743124,,421.168088627466,山西
2023,内蒙古自治区,15,374.628875102948,394.395869434218,323.729727749694,216.553224881327,565.036558227235,,392.722272453215,246.186396581177,,401.873332792806,内蒙古
2023,辽宁省,21,379.655330853879,380.976875706894,352.373749606845,237.769641023205,629.093667141002,,446.719189319847,255.970842381168,,424.889794825807,辽宁
2023,吉林省,22,359.79929339105,362.765154477704,329.409582217082,225.258039555389,599.807476270533,,385.041946285909,251.015464973285,,405.251002619945,吉林
2023,黑龙江省,23,362.366711138982,365.07461198591,332.191855314303,229.755703733603,598.49237233836,,394.826157735869,252.731520197299,,408.279931533041,黑龙江
2023,上海市,31,473.834085381973,466.540141886536,485.418722079856,334.711467918035,899.608136026032,,691.397664503747,303.210916445688,,476.896436848273,上海
2023,江苏省,32,438.606473217065,440.634077110252,421.771430793685,300.452428386613,771.190891418762,,550.22678057284,290.101124573554,,462.53013571845,江苏
2023,浙江省,33,453.780310096307,455.156139442405,443.789782996378,331.589177238265,811.475296890886,,579.978845819116,300.720581739552,,467.419481906665,浙江
2023,安徽省,34,405.798458528829,403.926238261629,384.569647168075,282.219151180947,658.991584403953,,494.573276039895,281.728329007919,,450.581438486353,安徽
2023,福建省,35,430.447449315595,431.5253035854,422.022460374226,306.102003761556,756.353417579355,,552.775832167113,287.681985169325,,442.224271295725,福建
2023,江西省,36,389.50252484247,385.588958201192,370.439110651742,273.866753217613,646.880420962771,,470.404572859392,267.920250574762,,437.090128554543,江西
2023,山东省,37,404.787778399759,407.762530046243,373.272177334088,263.430041394503,671.686289618779,,468.44741616131,271.014936596607,,452.25880418783,山东
2023,河南省,41,396.817846008627,405.351015628954,356.07199485966,273.532656124731,593.160383798186,,429.765497121396,278.155575094173,,442.707409567754,河南
2023,湖北省,42,411.329874453718,407.274767954994,401.345651646815,288.595164709426,691.337642302384,,547.956237991631,277.400918056273,,442.887848516005,湖北
2023,湖南省,43,381.258506462805,372.798397794959,367.028422825367,250.415418883846,631.667597793004,,491.177018765507,257.697695383078,,435.075282012278,湖南
2023,广东省,44,426.476055136604,423.772121827274,418.986415345282,303.455357023764,730.888747331037,,556.826813404408,284.635602443653,,449.040353545792,广东
2023,广西壮族自治区,45,369.937098681436,371.174845267255,339.583943068812,242.895266733937,567.566362705179,,426.825751909436,251.921150725177,,421.029205073174,广西
2023,海南省,46,390.823783696892,399.009080748491,361.373722185333,247.043736924085,624.035150545772,,472.836856182822,251.595099872917,,417.335412397761,海南
2023,重庆市,50,395.000466917146,400.089987594515,365.565986586281,245.383122497575,657.336177162174,,471.700591523121,255.657410680544,,431.706237514429,重庆
2023,四川省,51,384.113105616042,375.672806634552,370.482479218289,251.574826712918,658.001287962172,,492.29246542064,255.661562216248,,436.775335939963,四川
2023,贵州省,52,359.516348339065,379.221540780724,300.495774840902,213.028155066591,525.19451418207,,335.941353626607,236.418852117871,,401.721866488947,贵州
2023,云南省,53,366.840722510372,371.876363316447,333.51056507973,222.113849392891,564.407058131015,,441.183285592014,238.687194559088,,410.801742106887,云南
2023,西藏自治区,54,356.296348009454,357.577269351091,332.36989557309,209.868743883438,557.078102332321,,465.862987649225,220.88447170561,,395.566720753441,西藏
2023,陕西省,61,398.06010984353,399.43555029697,372.400425336222,258.326654875065,663.014486176592,,471.797575364013,268.458463531664,,440.170494675914,陕西
2023,甘肃省,62,362.621006008951,374.689777706853,314.164061534402,217.537119270879,499.381338008299,,397.0053630105,244.108404864899,,410.846257173537,甘肃
2023,青海省,63,351.078176274736,357.560471624135,302.251010865545,202.660016600099,481.213761996104,,385.109869049291,232.324676391066,,418.421918951191,青海
2023,宁夏回族自治区,64,373.640525267544,400.159041697808,310.454482564711,217.104429815013,480.775759640438,,393.280635335511,245.599791635883,,400.918746998978,宁夏
2023,新疆维吾尔自治区,65,360.805675615779,381.625374110048,298.945999963083,205.123867886583,468.675666832502,,376.200868974953,229.631625075478,,404.490290926559,新疆
